Serial	user_id	user_screen_name	user_name	user_expanded_url	Facebook Page (https://www.facebook.com/)	RSS Feed link	Automatic RSS	Wikipedia page (https://en.wikipedia.org/wiki/)	Alexa page (https://www.alexa.com/siteinfo/)	user_display_url	user_verified	newssource	newssource:confidence	user_created_at	user_description	user_followers_count	user_favourites_count	user_friends_count	user_geo_enabled	user_lang	user_listed_count	user_location	country	country_code	Category	user_profile_image_url	user_statuses_count	user_time_zone	user_url	YouTube (http://www.youtube.com/)	GooglePlus (https://plus.google.com/+)	Instagram (https://www.instagram.com/)
1	807095	nytimes	The New York Times	https://www.nytimes.com/	nytimes	https://rss.art19.com/the-daily	https://rss.art19.com/the-daily	https://en.wikipedia.org/wiki/The_New_York_Times	https://www.alexa.com/siteinfo/nytimes.com	nytimes.com	1			Fri Mar 02 20:41:42 +0000 2007	Where the conversation begins. Follow for breaking news, special reports, RTs of our journalists and more. Visit https://t.co/ghL9OoYKMM to share news tips.	42196093	17069	886	1	en	195305	New York City	United States of America	US	General	http://pbs.twimg.com/profile_images/942784892882112513/qV4xB0I3_normal.jpg	323234	None	http://t.co/ahvuWqicF9	user/TheNewYorkTimes		
2	742143	BBCWorld	BBC News (World)	http://www.bbc.com/news	bbcnews			https://en.wikipedia.org/wiki/BBC_Online	https://www.alexa.com/siteinfo/bbc.com	bbc.com/news	1			Thu Feb 01 07:44:29 +0000 2007	News, features and analysis from the World's newsroom. Breaking news, follow @BBCBreaking. UK news, @BBCNews. Latest sports news @BBCSport	23538713	9	85	0	en	109098	London, UK	United Kingdom	GB	General	http://pbs.twimg.com/profile_images/875702138680246273/BfQLzf7G_normal.jpg	279584	None	https://t.co/7NEgoMwJy3	user/bbcnews		bbcnews
3	5988062	TheEconomist	The Economist	http://www.economist.com/	TheEconomist	https://www.economist.com/rss	https://www.economist.com/rss	https://en.wikipedia.org/wiki/The_Economist	https://www.alexa.com/siteinfo/economist.com	economist.com	1			Sat May 12 13:04:50 +0000 2007	News and analysis with a global perspective. Subscribe here: https://t.co/owztJzwlmm	23445273	306	158	0	en	111124	London	United Kingdom	GB	General	http://pbs.twimg.com/profile_images/879361767914262528/HdRauDM-_normal.jpg	143221	None	https://t.co/pN0OAmG4SP	user/economistmagazine	100470681032489535736/posts	theeconomist
4	1652541	reuters	Reuters Top News	http://www.reuters.com/	Reuters	www.reuters.com/tools/rss	//www.reuters.com/tools/rss	https://en.wikipedia.org/wiki/Reuters	https://www.alexa.com/siteinfo/reuters.com	reuters.com	1			Tue Mar 20 17:46:05 +0000 2007	Top and breaking news, pictures, and videos from Reuters.	19799488	803	1072	0	en	114653	Around the world	United States of America	US	General	http://pbs.twimg.com/profile_images/877554927932891136/ZBEs235N_normal.jpg	285186	None	http://t.co/BmHxhkm3Mh	//user/ReutersVideo		reuters
5	1367531	foxnews	Fox News	http://www.foxnews.com/	FoxNews	//www.foxnews.com/rss/index.html	//www.foxnews.com/rss/index.html	https://en.wikipedia.org/wiki/Fox_News	https://www.alexa.com/siteinfo/foxnews.com	foxnews.com	1			Sat Mar 17 19:01:26 +0000 2007	America‚Äôs Strongest Primetime Lineup Anywhere! Follow America's #1 cable news network, delivering you breaking news, insightful analysis, and must-see videos.	17926625	0	408	0	en	63309	U.S.A.	United States of America	US	General	http://pbs.twimg.com/profile_images/918480715158716419/4X8oCbge_normal.jpg	388887	None	http://t.co/ZYG58XZtAC	user/FoxNewsChannel		foxnews
6	3108351	wsj	The Wall Street Journal	http://www.wsj.com/	wsj	http://www.wsj.com/public/page/rss_news_and_feeds.html	http://www.wsj.com/public/page/rss_news_and_feeds.html	https://en.wikipedia.org/wiki/The_Wall_Street_Journal	https://www.alexa.com/siteinfo/wsj.com	wsj.com	1			Sun Apr 01 06:22:13 +0000 2007	Breaking news and features from the WSJ.	15898601	1276	1112	1	en	109431	New York, NY	United States of America	US	General	http://pbs.twimg.com/profile_images/971415515754266624/zCX0q9d5_normal.jpg	245824	None	https://t.co/GhhR6PLfem	user/WSJDigitalNetwork	117720626238470886461/posts	
7	14293310	time	TIME	http://time.com/	time	http://content.time.com/time/rss	http://content.time.com/time/rss	https://en.wikipedia.org/wiki/Time_(magazine)	https://www.alexa.com/siteinfo/time.com	time.com	1			Thu Apr 03 13:54:30 +0000 2008	Breaking news and current events from around the globe. Hosted by TIME staff.	15632567	570	845	1	en	101123		United States of America	US	General	http://pbs.twimg.com/profile_images/1700796190/Picture_24_normal.png	286966	None	http://t.co/4aYbUuAeSh	user/TimeMagazine		time
8	91478624	Forbes	Forbes	http://www.forbes.com/	forbes			https://en.wikipedia.org/wiki/Forbes	https://www.alexa.com/siteinfo/forbes.com	forbes.com	1			Sat Nov 21 02:09:57 +0000 2009	Official Twitter account of http://t.co/iVGiXAHX, homepage for the world's business leaders.	14893667	8914	5714	1	en	55127	New York, NY	United States of America	US	Economy	http://pbs.twimg.com/profile_images/882603270484766720/YFx4Lsh4_normal.jpg	184550	None	http://t.co/KH6EtekF5q	user/forbes		
9	28785486	abc	ABC News	http://abcnews.go.com/	abcnews			https://en.wikipedia.org/wiki/ABC_News	https://www.alexa.com/siteinfo/abcnews.go.com	abcnews.com	1			Sat Apr 04 12:40:32 +0000 2009	All the news and information you need to see, curated by the @ABC News team. Instagram: https://t.co/pPlGmNHztz	14052956	54	577	1	en	52915	New York City / Worldwide	United States of America	US	General	http://pbs.twimg.com/profile_images/877547979363758080/ny06RNTT_normal.jpg	210958	None	https://t.co/7mnR2AtpOn	user/ABCNews	ABCNews	
10	2467791	washingtonpost	Washington Post	https://www.washingtonpost.com/	washingtonpost	http://www.washingtonpost.com/rss	http://www.washingtonpost.com/rss	https://en.wikipedia.org/wiki/The_Washington_Post	https://www.alexa.com/siteinfo/washingtonpost.com	washingtonpost.com	1			Tue Mar 27 11:19:39 +0000 2007	Tweet-length breaking news, analysis from around the world. Founded in 1877. Follow our journalists on Twitter: https://t.co/VV0UBAMHg8	12634359	4487	1482	1	en	85438	Washington, DC	United States of America	US	General	http://pbs.twimg.com/profile_images/875440182501277696/n-Ic9nBO_normal.jpg	273023	None	http://t.co/Hq7hTYkOPg	user/WashingtonPost		
11	14511951	HuffPost	HuffPost	http://www.huffingtonpost.com/	HuffPost			https://en.wikipedia.org/wiki/HuffPost	https://www.alexa.com/siteinfo/huffingtonpost.com	huffingtonpost.com	1			Thu Apr 24 14:07:28 +0000 2008	Know what's real.	11600938	1240	5740	1	en	84746		United States of America	US	General	http://pbs.twimg.com/profile_images/875366648093577217/DPjc49xK_normal.jpg	506041	None	https://t.co/3OfNk6hcEA	user/HuffingtonPost		HuffPost
12	134758540	timesofindia	Times of India	http://timesofindia.indiatimes.com/	TimesofIndia	https://timesofindia.indiatimes.com/rss.cms	https://timesofindia.indiatimes.com/rss.cms	https://en.wikipedia.org/wiki/The_Times_of_India	https://www.alexa.com/siteinfo/indiatimes.com	timesofindia.com	1			Mon Apr 19 10:50:15 +0000 2010	News. Views. Analyses. Conversations. India‚Äôs No.1 digital news destination, world‚Äôs largest-selling English newspaper - A Times Internet Limited Product	11318429	236	513	0	en	10659	New Delhi	India	IN	General	http://pbs.twimg.com/profile_images/781514680732749824/PG2_gebm_normal.jpg	388064	None	https://t.co/JxQOlwNQ7E	user/TimesOfIndiaChannel	117150671992820587865?prsrc=3	
13	37034483	ndtv	NDTV	https://www.ndtv.com/	com/ndtv	https://www.ndtv.com/rss	https://www.ndtv.com/rss	https://en.wikipedia.org/wiki/NDTV	https://www.alexa.com/siteinfo/ndtv.com	ndtv.com	1			Fri May 01 20:34:48 +0000 2009	Breaking news alerts from India	10843770	0	19	1	en	11712	India	India	IN	General	http://pbs.twimg.com/profile_images/570440108424171520/QuGYd7jH_normal.png	481885	None	http://t.co/Z4M89fs6mB	user/ndtv	NDTV/posts?pfrom=home-footer2017	ndtv
14	14677919	newyorker	The New Yorker	http://www.newyorker.com/	newyorker			https://en.wikipedia.org/wiki/The_New_Yorker	https://www.alexa.com/siteinfo/newyorker.com	newyorker.com	1			Tue May 06 19:36:33 +0000 2008	The New Yorker is a weekly magazine with a mix of reporting on politics and culture, humor and cartoons, fiction and poetry, and reviews and criticism.	8625046	1799	420	0	en	63182	New York, NY	United States of America	US	General	http://pbs.twimg.com/profile_images/900059590586486784/fmY_4l3f_normal.jpg	76342	None	https://t.co/RLTwD4Ft0i	user/NewYorkerDotCom		newyorkermag
15	25589776	people	People	http://people.com/politics/	peoplemag			https://en.wikipedia.org/wiki/People_(magazine)	https://www.alexa.com/siteinfo/people.com	people.com	1			Fri Mar 20 22:30:24 +0000 2009	https://t.co/4HzJYZw0O4 is the No. 1 site for celebrity news‚Äîand now you can subscribe to our Snapchat Discover channel! https://t.co/Fs10qvl9E9	7885417	5168	1757	1	en	33575		United States of America	US	General	http://pbs.twimg.com/profile_images/703345483218067456/waTSntUG_normal.jpg	213171	None	https://t.co/2JMO2KoE3y	user/people		people
16	2097571	cnni	CNN International	http://www.cnn.com/	cnninternational			https://en.wikipedia.org/wiki/CNN	https://www.alexa.com/siteinfo/cnn.com	cnn.com/international	1			Sat Mar 24 10:48:14 +0000 2007	Breaking news from around the world, plus business, style, travel, sport and entertainment. We #gothere.	7828912	137	367	1	en	36420	Everywhere	United States of America	US	General	http://pbs.twimg.com/profile_images/926050400062631936/Rvynw19f_normal.jpg	157763	None	http://t.co/kdkv08KSgi	user/CNN	cnn/posts	cnn
17	5392522	NPR	NPR	http://www.npr.org/sections/news/	NPR	https://www.npr.org/rss/rss.php?id=1001	https://www.npr.org/rss/rss.php?id=1001	https://en.wikipedia.org/wiki/NPR	https://www.alexa.com/siteinfo/npr.org	npr.org	1			Sun Apr 22 05:10:15 +0000 2007	News. Arts & Life. Music. Everything and more from NPR.<LF><LF>üïµÔ∏è Securely send us news tips: https://t.co/LPkf6Tsozm	7576919	2451	71899	0	en	65425		United States of America	US	General	http://pbs.twimg.com/profile_images/722199003845304320/s2zwEoao_normal.jpg	152665	None	http://t.co/SoL86ga4RI	user/npr		npr
18	87818409	guardian	The Guardian	https://www.theguardian.com	theguardian	https://www.theguardian.com/international/rss	https://www.theguardian.com/international/rss	https://en.wikipedia.org/wiki/TheGuardian.com	https://www.alexa.com/siteinfo/theguardian.com	theguardian.com	1			Thu Nov 05 23:49:19 +0000 2009	The need for independent journalism has never been greater. Become a Guardian supporter: https://t.co/gWyuUVlObq	7222862	147	1108	0	en	56842	London	United Kingdom	GB	General	http://pbs.twimg.com/profile_images/952866338187423744/0hj7a-EH_normal.jpg	444296	None	https://t.co/c53pnmnuIT	user/TheGuardian	1.13E+20	
19	7996082	el_pais	EL PA√çS	http://elpais.com/elpais/inenglish.html	elpais	servicios.elpais.com/rss/	//servicios.elpais.com/rss/	https://en.wikipedia.org/wiki/El_Pa%C3%Ads	https://www.alexa.com/siteinfo/elpais.com	elpais.com	1			Mon Aug 06 16:20:09 +0000 2007	Las noticias m√°s relevantes y la √∫ltima hora, por los periodistas de EL PA√çS. Para informarse y conversar. √önete al sistema de alertas mediante mensaje directo	6679650	1437	786	1	es	55359	Madrid	Spain	ES	General	http://pbs.twimg.com/profile_images/815456059322036224/o_RQNEOh_normal.jpg	413081	None	https://t.co/0o6oj1LRF2	user/elpaiscom	elpais/	el_pais
20	15012486	CBSNews	CBS News	http://www.cbsnews.com/	CBSNews	http://www.cbsnews.com/rss/	/rss/	https://en.wikipedia.org/wiki/CBS_News	https://www.alexa.com/siteinfo/cbsnews.com	CBSNews.com	1			Thu Jun 05 00:54:31 +0000 2008	Your source for original reporting and trusted news.	6580429	270	432	0	en	48008	New York, NY	United States of America	US	General	http://pbs.twimg.com/profile_images/645966750941626368/d0Q4voGK_normal.jpg	178002	None	https://t.co/VGut7r2Vg5	user/CBSNewsOnline	CBSNews/	cbsnews
21	5695632	BuzzFeed	BuzzFeed	https://www.buzzfeed.com/	BuzzFeed			https://en.wikipedia.org/wiki/BuzzFeed	https://www.alexa.com/siteinfo/buzzfeed.com	buzzfeed.com	1			Tue May 01 21:40:03 +0000 2007	@BuzzFeed	6563467	3324	2942	1	en	23065	New York	United States of America	US	Entertainment	http://pbs.twimg.com/profile_images/687767655214891008/n9pHVYUl_normal.png	194655	None	https://t.co/UhQYtFIPIq	user/BuzzFeedVideo	108807575261328575617/	
22	14780915	RollingStone	Rolling Stone	http://www.rollingstone.com/	RollingStone			https://en.wikipedia.org/wiki/Rolling_Stone	https://www.alexa.com/siteinfo/rollingstone.com	rollingstone.com	1			Thu May 15 02:52:27 +0000 2008	The latest news and more from Rolling Stone magazine and https://t.co/nFMXaq9sbV. Got a tip? Share it here: https://t.co/JkxAZoupLY	6493552	6	271	0	en	38159	New York, New York	United States of America	US	Entertainment	http://pbs.twimg.com/profile_images/875453682170576896/KDcOPtgI_normal.jpg	92857	None	http://t.co/zhpWt9kvuA	user/RollingStone	RollingStone	
23	36327407	htTweets	Hindustan Times	http://www.hindustantimes.com/	hindustantimes	https://www.hindustantimes.com/rss	https://www.hindustantimes.com/rss	https://en.wikipedia.org/wiki/Hindustan_Times	https://www.alexa.com/siteinfo/hindustantimes.com	hindustantimes.com	1			Wed Apr 29 10:11:34 +0000 2009	One of India's largest media companies. Latest news from around the world. Retweets are not endorsements.	6464038	3054	736	1	en	6487	India	India	IN	General	http://pbs.twimg.com/profile_images/876785263011287040/cgUWlhF3_normal.jpg	488051	None	http://t.co/dCFWh1CEzO	user/ht	hindustantimes/posts	hindustantimes
24	14173315	NBCNews	NBC News	http://www.nbcnews.com/	NBCNews			https://en.wikipedia.org/wiki/NBCNews.com	https://www.alexa.com/siteinfo/nbcnews.com	NBCNews.com	1			Tue Mar 18 23:19:17 +0000 2008	The leading source of global news and info for more than 75 years. Snapchat: https://t.co/suOkoNb0KE	6112619	766	2788	1	en	38540	New York, NY	United States of America	US	General	http://pbs.twimg.com/profile_images/875411730679173121/l9PSFLJb_normal.jpg	153157	None	https://t.co/Z73is4fJ3x	watch?v=9mPbL5ewK7Q		
25	15872418	ABSCBNNews	ABS-CBN News	http://news.abs-cbn.com/	abscbnNEWS			https://en.wikipedia.org/wiki/ABS-CBNnews.com	https://www.alexa.com/siteinfo/abs-cbn.com	news.abs-cbn.com	1			Sat Aug 16 10:09:33 +0000 2008	Stories, video, and multimedia for Filipinos worldwide, from ABS-CBN News and Current Affairs, the Philippines' most trusted news organization.	5854111	900	1307	1	en	7400	Manila, Philippines	Philippines	PH	General	http://pbs.twimg.com/profile_images/595786514883284994/imtdEbVC_normal.jpg	598505	None	https://t.co/e2NDE5Oyaa	user/TheABSCBNNews	1.13E+20	
26	4970411	ajenglish	Al Jazeera English	http://www.aljazeera.com/	aljazeera	http://www.aljazeera.com/xml/rss/all.xml	/xml/rss/all.xml	https://en.wikipedia.org/wiki/Aljazeera.com	https://www.alexa.com/siteinfo/aljazeera.com	aljazeera.com	1			Tue Apr 17 08:23:08 +0000 2007	Everyone has a story worth hearing. Follow @AJENews for the latest news.	4933793	2510	254	1	en	51929	Doha, Qatar	Qatar	QA	General	http://pbs.twimg.com/profile_images/875638617606987776/YBOKib96_normal.jpg	205906	None	https://t.co/D38RZjLnhI	user/AlJazeeraEnglish?sub_confirmation=1	aljazeera	aljazeeraenglish
27	20751449	The_Hindu	The Hindu	http://newsite.thehindu.com/	thehindu		http://www.thehindu.com/videos/rss-may-propose-pranab-mukherjee-for-pm-in-2019-shiv-sena-mp/article24128537.ece	https://en.wikipedia.org/wiki/The_Hindu	https://www.alexa.com/siteinfo/thehindu.com	thehindu.com	1			Fri Feb 13 06:04:24 +0000 2009	News feeds from India's National Newspaper	4870649	103	192	1	en	5214	Chennai, India	India	IN	General	http://pbs.twimg.com/profile_images/627376030282416128/pYl_LmcW_normal.jpg	220525	None	http://t.co/s1JTQu1K46	user/The1878Hindu		the_hindu
28	19897138	indiatoday	India Today	http://indiatoday.intoday.in/	IndiaToday	https://www.indiatoday.in/rss	https://www.indiatoday.in/rss	https://en.wikipedia.org/wiki/India_Today_(TV_channel)	https://www.alexa.com/siteinfo/intoday.in	indiatoday.in	1			Mon Feb 02 07:21:54 +0000 2009	Brings you news breaks: Exclusive political, entertainment, sports insight, unbiased-nonaligned Download App: https://t.co/PVrW5AjdTH	4807409	4342	239	1	en	5010	India	India	IN	General	http://pbs.twimg.com/profile_images/787569535880531968/3FtQQHyA_normal.jpg	532692	None	http://t.co/ICyUpGKpTg		indiatoday	
29	7587032	SkyNews	Sky News	http://news.sky.com/	skynews	http://news.sky.com/info/rss	/info/rss	https://en.wikipedia.org/wiki/Sky_News	https://www.alexa.com/siteinfo/sky.com	news.sky.com	1			Thu Jul 19 14:42:53 +0000 2007	Stories direct from the @SkyNews newsroom. Tweet us your queries and questions. For breaking news, follow @SkyNewsBreak.	4649301	26	27	0	en	22893	London, UK	United Kingdom	GB	General	http://pbs.twimg.com/profile_images/953341660813021185/o2IGXWqj_normal.jpg	292324	None	https://t.co/SnOv0usOtw	user/skynews	SkyNews	skynews
30	15754281	usatoday	USA TODAY	http://www.usatoday.com/	usatoday	http://www.usatoday.com/rss/	/rss/	https://en.wikipedia.org/wiki/USA_Today	https://www.alexa.com/siteinfo/usatoday.com	usatoday.com	1			Wed Aug 06 19:55:31 +0000 2008	The latest news and most interesting stories from USA TODAY. News that's meant to be shared.	3646731	1779	478	0	en	32529	USA TODAY HQ, McLean, Va.	United States of America	US	General	http://pbs.twimg.com/profile_images/924991591642796032/v90LrlR__normal.jpg	254498	None	http://t.co/7xDl0vVHSt	USATODAY		usatoday
31	9300262	politico	POLITICO	http://www.politico.com/	politico	https://www.politico.com/rss	https://www.politico.com/rss	https://en.wikipedia.org/wiki/Politico	https://www.alexa.com/siteinfo/politico.com	politico.com	1			Mon Oct 08 00:29:38 +0000 2007	Nobody knows politics like POLITICO. Got a news tip for us? <LF>üëâ https://t.co/fp9nugJuND	3614276	28	1370	1	en	37644	Washington, D.C.	United States of America	US	General	http://pbs.twimg.com/profile_images/677177503694237697/y6yTzWn6_normal.png	279221	None	https://t.co/PPMyQsPlIg	user/thepolitico		politico
32	624413	marketwatch	MarketWatch	http://www.marketwatch.com/	marketwatch	http://www.marketwatch.com/rss	/rss	https://en.wikipedia.org/wiki/MarketWatch	https://www.alexa.com/siteinfo/marketwatch.com	marketwatch.com	1			Thu Jan 11 05:15:48 +0000 2007	News, personal finance & commentary from MarketWatch.	3611840	2631	190	0	en	23363		United States of America	US	Economy	http://pbs.twimg.com/profile_images/705601245596090368/Z6xUOnRg_normal.jpg	229848	None	http://t.co/0HcV671qZB	channel/UCPaSu8qnjJhF1vkXVOGojBQ	marketwatch	
33	2884771	Newsweek	Newsweek	http://www.newsweek.com/	Newsweek			https://en.wikipedia.org/wiki/Newsweek	https://www.alexa.com/siteinfo/newsweek.com	newsweek.com	1			Thu Mar 29 19:51:11 +0000 2007	Stay relevant. News and analysis on politics, science, technology, and culture.	3435697	2801	250	0	en	37550	New York, NY	United States of America	US	General	http://pbs.twimg.com/profile_images/741603495929905152/di0NxkFa_normal.jpg	151992	None	https://t.co/92gD7evE72		NewsweekMag	newsweek
34	18949452	ft	Financial Times	https://www.ft.com/	financialtimes	https://www.ft.com/?format=rss	https://www.ft.com/?format=rss	https://en.wikipedia.org/wiki/Financial_Times	https://www.alexa.com/siteinfo/ft.com	ft.com	1			Tue Jan 13 19:28:24 +0000 2009	Financial Times headlines as they‚Äôre published on https://t.co/5BsmLs9y1Z. For a curated feed of our journalism, follow @financialtimes	3281930	40	812	0	en	33099	London	United States of America	US	General	http://pbs.twimg.com/profile_images/931156393108885504/EqEMtLhM_normal.jpg	203443	None	http://t.co/dnhLQpd9BY	user/FinancialTimesVideos		
35	16664681	latimes	Los Angeles Times	http://www.latimes.com/	latimes	http://www.latimes.com/rss2.0.xml	http://www.latimes.com/rss2.0.xml	https://en.wikipedia.org/wiki/Los_Angeles_Times	https://www.alexa.com/siteinfo/latimes.com	latimes.com	1			Thu Oct 09 11:07:42 +0000 2008	News from Los Angeles and the world. Staffed by http://t.co/zb8HyvYyAJ editors.	3273579	1893	10608	1	en	30769	Los Angeles, CA	United States of America	US	General	http://pbs.twimg.com/profile_images/546329819919560704/XMWy2Z50_normal.jpeg	197756	None	http://t.co/JvbZRDfNzf	user/losangelestimes		latimes
36	1917731	thehill	The Hill	http://thehill.com/	TheHill	http://thehill.com/resources/rss-feeds	/resources/rss-feeds	https://en.wikipedia.org/wiki/The_Hill_(newspaper)	https://www.alexa.com/siteinfo/thehill.com	thehill.com	1			Thu Mar 22 18:15:18 +0000 2007	The Hill is the premier source for policy and political news. Follow for tweets on what's happening in Washington, breaking news and retweets of our reporters.	3107911	26	911	0	en	24275	Washington, DC	United States of America	US	General	http://pbs.twimg.com/profile_images/907330975587336193/tw7JPE5v_normal.jpg	444501	None	http://t.co/t414UtTRv4	channel/UCPWXiRWZ29zrxPFIQT7eHSA	thehill/posts	
37	330826792	rapplerdotcom	Rappler	http://www.rappler.com/	rapplerdotcom			https://en.wikipedia.org/wiki/Rappler	https://www.alexa.com/siteinfo/rappler.com	rappler.com	1			Thu Jul 07 06:34:10 +0000 2011	The Social News Network. Uncompromised journalism that inspires smart conversation and a thirst for change. We have an app for iOS, Android & Windows8!	3048356	7574	408	1	en	3726	Philippines	Philippines	PH	General	http://pbs.twimg.com/profile_images/954590453235675136/NMne0LMy_normal.jpg	494261	None	https://t.co/tz2uMgi2kb	embed/cwwx9799Aqc	Rappler/posts	rappler
38	39743812	economictimes	EconomicTimes	http://economictimes.indiatimes.com/	EconomicTimes	//economictimes.indiatimes.com/rss.cms	//economictimes.indiatimes.com/rss.cms	https://en.wikipedia.org/wiki/The_Economic_Times	https://www.alexa.com/siteinfo/indiatimes.com	facebook.com/EconomicTimes	1			Wed May 13 12:54:58 +0000 2009	The No. 1 Business Daily in India brings you the latest #news updates and LIVE coverage of #politics #economy #markets #technology | A Times Internet Product	3031040	361	40	1	en	7326		India	IN	General	http://pbs.twimg.com/profile_images/813663483786989568/M_vF6Xwy_normal.jpg	336111	None	https://t.co/1azLywp9zh	TheEconomicTimes	TheEconomicTimes/	etpanache
39	20402945	cnbc	CNBC	http://www.cnbc.com/	cnbc			https://en.wikipedia.org/wiki/CNBC	https://www.alexa.com/siteinfo/cnbc.com	cnbc.com	1			Mon Feb 09 00:03:41 +0000 2009	First in business worldwide.	2977821	63	524	1	en	25614	Englewood Cliffs, NJ	United States of America	US	Economy	http://pbs.twimg.com/profile_images/997500309617328129/E2rIo31Y_normal.jpg	213158	None	https://t.co/fdcFKDtOzb	user/CNBCInternational	CNBC	
40	17446621	thr	Hollywood Reporter	http://www.hollywoodreporter.com/	HollywoodReporter	https://www.hollywoodreporter.com/rss	https://www.hollywoodreporter.com/rss	https://en.wikipedia.org/wiki/The_Hollywood_Reporter	https://www.alexa.com/siteinfo/hollywoodreporter.com	hollywoodreporter.com	1			Mon Nov 17 18:10:33 +0000 2008	The Hollywood Reporter is the premier destination & most widely trusted resource for entertainment news, reviews, videos & more.	2892953	761	2782	1	en	20854	Hollywood, CA	United States of America	US	Entertainment	http://pbs.twimg.com/profile_images/528317230367268865/Po8lHinI_normal.jpeg	325984	None	https://t.co/HynB1A3ItS	thrnetwork	hollywoodreporter	
41	38647512	indianexpress	The Indian Express	http://indianexpress.com/	indianexpress		https://indianexpress.com/article/opinion/columns/pranab-mukherjee-rss-meeting-5216346/	https://en.wikipedia.org/wiki/The_Indian_Express	https://www.alexa.com/siteinfo/indianexpress.com	indianexpress.com	1			Fri May 08 11:29:15 +0000 2009	India's most trusted news organisation	2847028	251	604	1	en	4428	India	India	IN	General	http://pbs.twimg.com/profile_images/1850193578/IE_Square_Logo_normal.png	442640	None	https://t.co/ICMfxrHWTV	IndianExpress	indianexpress?rel=author	
42	15448383	inquirerdotnet	Inquirer	https://www.inquirer.net/	inquirerdotnet			https://en.wikipedia.org/wiki/Philippine_Daily_Inquirer	https://www.alexa.com/siteinfo/inquirer.net	inquirer.net	1			Wed Jul 16 00:36:41 +0000 2008	Balanced News, Fearless Views. Updates on and from the Philippines. Smartphone https://t.co/ieH6fpzwvJ Tablet https://t.co/hmKh0Rr0QZ Chat https://t.co/Cvl0FeXobL	2789935	35210	1900	1	en	5716	Makati City	Philippines	PH	General	http://pbs.twimg.com/profile_images/783698839546961920/POMZKG5W_normal.jpg	663184	None	https://t.co/RlrYWVwrXG	user/inquirernews		
43	64643056	RT_com	RT	https://www.rt.com	Rtnews	https://www.rt.com/rss	/rss	https://en.wikipedia.org/wiki/RT_(TV_network)	https://www.alexa.com/siteinfo/rt.com	RT.com	1			Tue Aug 11 06:12:45 +0000 2009	RT, the global news network, broadcasts from Moscow, London, Paris and Washington studios to over 100 countries.	2702878	857	628	1	en	21467		Russia	RU	General	http://pbs.twimg.com/profile_images/1004318026446135296/jzqv3UeG_normal.jpg	259831	None	http://t.co/bDDyvy9DmR	user/RussiaToday	102728491539958529040/posts	rt
44	6433472	CBCNews	CBC News	http://www.cbc.ca/news	cbcnews	http://www.cbc.ca/rss/	http://www.cbc.ca/rss/	https://en.wikipedia.org/wiki/CBC.ca	https://www.alexa.com/siteinfo/cbc.ca	cbc.ca/news/	1			Wed May 30 05:20:39 +0000 2007	Canadian breaking news and analysis from CBCNews.ca, TV and radio.	2622887	5902	967	1	en	14147	Canada	Canada	CA	General	http://pbs.twimg.com/profile_images/957919598749323264/NuYdCE6a_normal.jpg	198319	None	http://t.co/ZLZObOnET1	user/cbcnews		cbcnews
45	16973333	Independent	The Independent	http://www.independent.co.uk	TheIndependentOnline	http://www.independent.co.uk/rss	http://www.independent.co.uk/rss	https://en.wikipedia.org/wiki/The_Independent	https://www.alexa.com/siteinfo/independent.co.uk	independent.co.uk	1			Sun Oct 26 00:00:29 +0000 2008	News, comment and features from The Independent	2527898	51	1114	0	en	21878	London, England	United Kingdom	GB	General	http://pbs.twimg.com/profile_images/583628771972018176/ztJn926g_normal.png	715296	None	https://t.co/ENon5VCZ03	user/theindependent		
46	2834511	SPIEGELONLINE	SPIEGEL ONLINE	http://www.spiegel.de/international/	spiegelonline	http://www.spiegel.de/schlagzeilen/index.rss	http://www.spiegel.de/schlagzeilen/index.rss	https://en.wikipedia.org/wiki/Spiegel_Online	https://www.alexa.com/siteinfo/spiegel.de	spiegel.de	1			Thu Mar 29 12:54:46 +0000 2007	Die wichtigsten Nachrichten des Tages und die besten Geschichten von SPIEGEL ONLINE ‚Ä¢ Impressum: https://t.co/vp9WWSDJfv<LF>https://t.co/TrBjhCKjqw	2502488	3267	292	1	de	7655	Hamburg, Germany	Germany	DE	General	http://pbs.twimg.com/profile_images/881743612404518912/ALb4Fxzg_normal.jpg	165482	None	https://t.co/knAYWME0vM	user/spiegeltv	106419678219919655169/posts	
47	16343974	Telegraph	The Telegraph	http://www.telegraph.co.uk/	TELEGRAPH.CO.UK			https://en.wikipedia.org/wiki/The_Daily_Telegraph	https://www.alexa.com/siteinfo/telegraph.co.uk	telegraph.co.uk	1			Thu Sep 18 06:50:54 +0000 2008	Think ahead with the latest news, comment, analysis and video.	2488584	5	606	0	en	16543	London, UK	United Kingdom	GB	General	http://pbs.twimg.com/profile_images/943090005723041792/2cjxINlJ_normal.jpg	322622	None	http://t.co/yxRjRj4dXg	user/telegraphtv		telegraph
48	20562637	businessinsider	Business Insider	http://www.businessinsider.com/	businessinsider			https://en.wikipedia.org/wiki/Business_Insider	https://www.alexa.com/siteinfo/businessinsider.com	businessinsider.com	1			Wed Feb 11 01:18:18 +0000 2009	What you need to know.	2434830	507	237	0	en	29824	New York, NY	United States of America	US	Economy	http://pbs.twimg.com/profile_images/887662979902304257/azSzxYkB_normal.jpg	503903	None	https://t.co/RMkf7jACew	user/businessinsider		businessinsider
49	25053299	FortuneMagazine	FORTUNE	http://fortune.com/	FortuneMagazine			https://en.wikipedia.org/wiki/Fortune_(magazine)	https://www.alexa.com/siteinfo/fortune.com	fortune.com	1			Wed Mar 18 10:23:54 +0000 2009	Defining design, arresting photography, and award-winning writing for those who want to succeed in business and in life.	2298750	1298	467	1	en	23835	New York	United States of America	US	Economy	http://pbs.twimg.com/profile_images/875382047216467972/3119VjuE_normal.jpg	169451	None	https://t.co/w45Yp539V6	user/FortuneMagazineVideo	fortune	fortunemag
50	15438913	MailOnline	Daily Mail Online	http://www.dailymail.co.uk	DailyMail	http://www.dailymail.co.uk/home/rssMenu.html	/home/rssMenu.html	https://en.wikipedia.org/wiki/MailOnline	https://www.alexa.com/siteinfo/dailymail.co.uk	dailymail.com	1			Tue Jul 15 10:17:46 +0000 2008	For the latest updates on breaking news visit our website https://t.co/5os3efxRyQ #seriouslypopular	2246459	697	2379	0	en	12747		United Kingdom	GB	General	http://pbs.twimg.com/profile_images/930087648202575872/q4pq9RGV_normal.jpg	239117	None	https://t.co/fT7KB2eXic	user/MailOnlineVideo	101913233771349778690/	
51	87775422	ChinaDailyUSA	China Daily	http://www.chinadaily.com.cn/	com/chinadaily			https://en.wikipedia.org/wiki/China_Daily	https://www.alexa.com/siteinfo/chinadaily.com.cn	chinadailyusa.com	0			Thu Nov 05 20:30:10 +0000 2009	Inspiring constructive dialogue between China and the US. Join the conversation!	2200131	132	437	1	en	4508	New York City	United States of America	US	General	http://pbs.twimg.com/profile_images/671371927043244032/QyG8rU3V_normal.png	69248	None	https://t.co/auYFl6j1d0	channel/UCahujLjSL34EPNxtwKRi_vg		
52	5715752	zeitonline	ZEIT ONLINE	http://www.zeit.de/english/index	zeitonline	https://www.zeit.de/hilfe/hilfe#rss	https://www.zeit.de/hilfe/hilfe#rss	https://en.wikipedia.org/wiki/Die_Zeit	https://www.alexa.com/siteinfo/zeit.de	zeit.de	1			Wed May 02 15:17:01 +0000 2007	Ja, das ist unser offizieller Twitter-Account. Hier bekommen Sie die wichtigsten Geschichten und aktuelle News. || Impressum: https://t.co/HsU5Bx0YAS	2074083	1821	35	1	de	9726	Berlin und Hamburg, Germany	Germany	DE	General	http://pbs.twimg.com/profile_images/899901264942813184/_n5m0ro7_normal.jpg	140011	None	http://t.co/zzdcZCBgYn	user/zeitonline		
53	256495314	firstpost	Firstpost	http://www.firstpost.com/	firstpostin		https://www.firstpost.com/politics/pranab-mukherjee-rahul-gandhi-arrive-at-congress-iftaar-party-together-share-a-table-days-after-row-over-rss-event-4509821.html	https://en.wikipedia.org/wiki/Firstpost	https://www.alexa.com/siteinfo/firstpost.com	firstpost.com	1			Wed Feb 23 13:09:22 +0000 2011	https://t.co/LGesb4pt66 for India & Indians in the world. Live. Follow us on https://t.co/VQ9x6mA1ux	1965325	312	1011	1	en	3887	Mumbai, India	India	IN	General	http://pbs.twimg.com/profile_images/696601463322075137/svSxRGyn_normal.jpg	484960	None	http://t.co/ZhcnfIjiDt	user/Firstpostin	Firstpost/posts	
54	23818581	vice	VICE	https://www.vice.com/	VICE	http://www.vice.com/en_us/rss	http://www.vice.com/en_us/rss	https://en.wikipedia.org/wiki/Vice_(magazine)	https://www.alexa.com/siteinfo/vice.com	vice.com	1			Wed Mar 11 20:00:38 +0000 2009	The definitive guide to enlightening information.	1913159	3742	11262	1	en	17365	Brooklyn, NY	United States of America	US	Entertainment	http://pbs.twimg.com/profile_images/672036189273120768/4_Esv2H4_normal.jpg	114924	None	http://t.co/ynuk0xrVyG	user/vice		vice
55	15164565	slate	Slate	http://www.slate.com/	Slate	http://www.slate.com/articles/briefing.fulltext.all.rss	http://www.slate.com/articles/briefing.fulltext.all.rss	https://en.wikipedia.org/wiki/Slate_(magazine)	https://www.alexa.com/siteinfo/slate.com	slate.com	1			Thu Jun 19 01:08:29 +0000 2008	Welcome to Slate's new look.	1797195	3988	630	0	en	33002		United States of America	US	General	http://pbs.twimg.com/profile_images/953246962635112448/Xg9p-CQL_normal.jpg	337470	None	https://t.co/XZd456t4yn	user/slatester		slate
56	45564482	NYMag	New York Magazine	http://nymag.com/	NewYorkmag	http://www.nymag.com/newyork/rss/	http://www.nymag.com/newyork/rss/	https://en.wikipedia.org/wiki/New_York_(magazine)	https://www.alexa.com/siteinfo/nymag.com	nymag.com	1			Mon Jun 08 13:30:34 +0000 2009	The ideas, people, and cultural currents that are forever reshaping the world.	1782624	1767	871	1	en	13749	New York, NY	United States of America	US	General	http://pbs.twimg.com/profile_images/2939680330/56f025f0104892f84a84c00bdb4ec812_normal.png	129433	None	http://t.co/uvSpg4t2HC	user/NewYorkMagazine		nymag
57	23482952	Cosmopolitan	Cosmopolitan	http://www.cosmopolitan.com/	Cosmopolitan			https://en.wikipedia.org/wiki/Cosmopolitan_(magazine)	https://www.alexa.com/siteinfo/cosmopolitan.com	cosmopolitan.com	1			Mon Mar 09 19:11:03 +0000 2009	3 parts cranberry, 2 parts vodka, .5 part triple sec, .5 part lime.	1732065	16735	2093	1	en	7800	New York, NY	United States of America	US	Entertainment	http://pbs.twimg.com/profile_images/995996391750107136/Uz6Zw4gO_normal.jpg	192611	None	https://t.co/y65SHhxl9k	cosmopolitan	u/0/111347932293989723742/posts	cosmopolitan
58	35773039	TheAtlantic	The Atlantic	https://www.theatlantic.com/	TheAtlantic	http://www.theatlantic.com/follow-the-atlantic/#follow-rssfeeds	http://www.theatlantic.com/follow-the-atlantic/#follow-rssfeeds	https://en.wikipedia.org/wiki/The_Atlantic	https://www.alexa.com/siteinfo/theatlantic.com	theatlantic.com	1			Mon Apr 27 15:41:54 +0000 2009	Politics, culture, business, science, technology, health, education, global affairs, more. Tweets by @CaitlinFrazier	1689538	496	1040	0	en	28771	Washington, D.C.	United States of America	US	General	http://pbs.twimg.com/profile_images/880086372564041728/rZ4SGWbE_normal.jpg	142789	None	http://t.co/pI6FUBgQdl	user/TheAtlantic	1.09E+20	theatlantic
59	15947602	Change	Change.org	https://www.change.org/	change.org			https://en.wikipedia.org/wiki/Change.org	https://www.alexa.com/siteinfo/change.org	change.org	1			Fri Aug 22 17:27:59 +0000 2008	The world‚Äôs leading civic organizing hub. We empower people everywhere to create the change they want to see.	1545667	600	511	1	en	9852		United States of America	US	Entertainment	http://pbs.twimg.com/profile_images/2812594299/9b73fd33e13d2265d3e6aee0a48d5004_normal.png	26655	None	https://t.co/iMQaIxR3X7	user/ChangePress		
60	2768501	abcnews	ABC News	http://www.abc.net.au/news/	abcnews.au	http://www.abc.net.au/news/feed/51120/rss.xml	/news/feed/51120/rss.xml	https://en.wikipedia.org/wiki/ABC_Online	https://www.alexa.com/siteinfo/abc.net.au	abc.net.au/news	1			Thu Mar 29 02:15:36 +0000 2007	Latest news updates from the Australian Broadcasting Corp. This is an official @abcaustralia account.	1473733	2940	1238	1	en	11410	Australia	Australia	AU	General	http://pbs.twimg.com/profile_images/851166911245107200/4xsqBmY5_normal.jpg	302532	None	http://t.co/knlFvfwxkf	newsonabc		abcnews_au
61	34655603	thesun	The Sun	https://www.thesun.co.uk/	thesun			https://en.wikipedia.org/wiki/The_Sun_(United_Kingdom)	https://www.alexa.com/siteinfo/thesun.co.uk	thesun.co.uk	1			Thu Apr 23 16:23:40 +0000 2009	Never miss a story again. News, sport and entertainment from The Sun, as it happens. Give us a like on Facebook too: https://t.co/VsBj6xNXLG	1395299	715	386	0	en	6707	London	United Kingdom	GB	General	http://pbs.twimg.com/profile_images/930002688624021504/--TIRBWc_normal.jpg	351702	None	http://t.co/0mGfF0ECEo	user/thesunnewspaper		
62	17469289	nypost	New York Post	http://nypost.com/	nypost	https://nypost.com/rssfeeds/	https://nypost.com/rssfeeds/	https://en.wikipedia.org/wiki/New_York_Post	https://www.alexa.com/siteinfo/nypost.com	nypost.com	1			Tue Nov 18 19:46:36 +0000 2008	Breaking news & features from The New York Post. Follow your favorite sections: @pagesix, @nypmetro, @nypostbiz, @nypostsports, @nypfashion, @nypostopinion	1392361	2195	11971	1	en	17725	New York, NY	United States of America	US	General	http://pbs.twimg.com/profile_images/966372680306868224/60wfGe9e_normal.jpg	160246	None	https://t.co/MwyanWdKnl	user/NYPost		nypost
63	16012783	thedailybeast	The Daily Beast	http://www.thedailybeast.com/	thedailybeast	https://feeds.thedailybeast.com/rss/articles	https://feeds.thedailybeast.com/rss/articles	https://en.wikipedia.org/wiki/The_Daily_Beast	https://www.alexa.com/siteinfo/thedailybeast.com	thedailybeast.com	1			Wed Aug 27 15:24:02 +0000 2008	Independent. Intelligent. Influential. **Send tips to tips@thedailybeast.com or message our secure line via Signal (347) 537-5494**	1182659	1820	947	1	en	23871		United States of America	US	General	http://pbs.twimg.com/profile_images/1002604032903524352/46h0aSgT_normal.jpg	258218	None	https://t.co/68iIwjpBjB	user/TheDailyBeastVideo		
64	13213122	deadspin	Deadspin	https://deadspin.com/	deadspin	https://deadspin.com/rss	https://deadspin.com/rss	https://en.wikipedia.org/wiki/Deadspin	https://www.alexa.com/siteinfo/deadspin.com	deadspin.com	1			Thu Feb 07 17:38:57 +0000 2008	Sports News without Access, Favor, or Discretion. Contact us: tips@deadspin.com.	1086258	68	1488	0	en	13504		United States of America	US	Sport	http://pbs.twimg.com/profile_images/590240306353811456/Ee89NSpb_normal.png	85541	None	http://t.co/mhAF2P6Jmb	channel/UCFsh2bHIGqgRVZnZX8xhI0Q		
65	7313362	chicagotribune	Chicago Tribune	http://www.chicagotribune.com/	chicagotribune	http://www.chicagotribune.com/rss2.0.xml	http://www.chicagotribune.com/rss2.0.xml	https://en.wikipedia.org/wiki/Chicago_Tribune	https://www.alexa.com/siteinfo/chicagotribune.com	chicagotribune.com	1			Sat Jul 07 14:10:07 +0000 2007	Breaking news since 1847.	1060128	355	394	0	en	11209	Chicago, IL	United States of America	US	General	http://pbs.twimg.com/profile_images/497063779952099328/kwXnsWCE_normal.jpeg	156256	None	https://t.co/gaVbUBEf0t	user/ChicagoTribune		
66	16887175	DailyMirror	Daily Mirror	http://www.mirror.co.uk/	DailyMirror	http://www.mirror.co.uk/rss.xml	rss.xml	https://en.wikipedia.org/wiki/Daily_Mirror	https://www.alexa.com/siteinfo/mirror.co.uk	mirror.co.uk	1			Tue Oct 21 14:58:45 +0000 2008	The official Daily Mirror & Mirror Online Twitter account - real news in real time. Also on Facebook http://t.co/HnRjiMtOF5 and at @MirrorFootball, @MirrorCeleb	1015137	1154	6303	0	en	5647	London, UK	United Kingdom	GB	General	http://pbs.twimg.com/profile_images/930022505489883136/gOn9nbi8_normal.jpg	376084	None	http://t.co/QVBfMK244U	user/dailymirror		
67	14437914	NewsHour	PBS NewsHour	http://www.pbs.org/newshour/	newshour	https://www.pbs.org/newshour/subscribe#rss-feeds	https://www.pbs.org/newshour/subscribe#rss-feeds	https://en.wikipedia.org/wiki/PBS	https://www.alexa.com/siteinfo/pbs.org	pbs.org/newshour/	1			Fri Apr 18 21:57:17 +0000 2008	PBS NewsHour is one of the most trusted news programs on TV and online.	1002285	13011	126611	1	en	14085	Arlington, VA | New York, NY	United States of America	US	General	http://pbs.twimg.com/profile_images/875456540450443265/W5yKx8um_normal.jpg	130502	None	https://t.co/MUiamBtq28	user/PBSNewsHour		
68	457984599	BreitbartNews	Breitbart News	http://www.breitbart.com/	Breitbart			https://en.wikipedia.org/wiki/Breitbart_News	https://www.alexa.com/siteinfo/breitbart.com	breitbart.com	1			Sun Jan 08 01:50:52 +0000 2012	News, commentary, and destruction of the political/media establishment.	948797	956	100	0	en	8209		United States of America	US	General	http://pbs.twimg.com/profile_images/949270171755077632/dw3M-58z_normal.jpg	92262	None	http://t.co/2sVbt3n6lO	channel/UCmgnsaQIK1IR808Ebde-ssA	1.11E+20	wearebreitbart
69	39585367	harvard	Harvard University	http://news.harvard.edu/gazette/	harvard			https://en.wikipedia.org/wiki/Harvard_University	https://www.alexa.com/siteinfo/harvard.edu	harvard.edu	1			Tue May 12 20:18:09 +0000 2009	Devoted to excellence in teaching, learning, and research, and to developing leaders who make a difference globally.	855953	7021	756	1	en	8967	Cambridge, MA	United States of America	US	Science	http://pbs.twimg.com/profile_images/875797335342817282/JO5OsmxU_normal.jpg	37977	None	http://t.co/n5qU9llHb8	user/Harvard		harvard
70	22240612	AlArabiya_Eng	Al Arabiya English	https://english.alarabiya.net/	alarabiya.english	https://english.alarabiya.net/tools/mrss.html	/tools/mrss.html	https://en.wikipedia.org/wiki/Al_Arabiya_English	https://www.alexa.com/siteinfo/alarabiya.net	english.alarabiya.net	1			Sat Feb 28 08:31:32 +0000 2009	The English service of the Arab world's leading news channel, Al Arabiya.	782767	0	22	1	en	10975	Dubai	Saudi Arabia	SA	General	http://pbs.twimg.com/profile_images/912299380065161216/skf8cBI2_normal.jpg	210699	None	https://t.co/myYhzsAW4F	AlArabiyaEnglish	AlArabiyaEnglish	
71	17895820	daily_express	Daily Express	http://www.express.co.uk/	DailyExpress			https://en.wikipedia.org/wiki/Daily_Express	https://www.alexa.com/siteinfo/express.co.uk	express.co.uk	1			Fri Dec 05 12:05:48 +0000 2008	http://t.co/xNo7rgb8JJ - Home of the Daily and Sunday Express	726661	27	562	1	en	3071	London	United Kingdom	GB	Entertainment	http://pbs.twimg.com/profile_images/915525294978666496/ALgq4U5j_normal.jpg	545666	None	http://t.co/s6YQUMB0NH	user/TheExpressOnline	DailyExpress	
72	2347049341	voxdotcom	Vox	http://www.vox.com/	Vox			https://en.wikipedia.org/wiki/Vox_(website)	https://www.alexa.com/siteinfo/vox.com	vox.com	1			Sun Feb 16 15:46:00 +0000 2014	Understand the news.	726256	2275	253	0	en	14497		United States of America	US	General	http://pbs.twimg.com/profile_images/807306191395241984/s8xmWAvU_normal.jpg	84638	None	http://t.co/RnqX4a68G1	user/voxdotcom		
73	9763482	NYDailyNews	New York Daily News	http://www.nydailynews.com/	NYDailyNews			https://en.wikipedia.org/wiki/New_York_Daily_News	https://www.alexa.com/siteinfo/nydailynews.com	nydn.us	1			Mon Oct 29 00:07:35 +0000 2007	Breaking news, politics, entertainment and sports coverage in New York City and beyond | Subscribe Now: https://t.co/bThJK9Zu3T	664610	1432	1678	1	en	10242	New York City	United States of America	US	General	http://pbs.twimg.com/profile_images/2503554916/7zazvpo8e6kof69twjte_normal.png	223100	None	http://t.co/F6o8dPinpw	user/nydailynews		nydailynews
74	249022032	dawn_com	Dawn.com	https://www.dawn.com/	dawndotcom			https://en.wikipedia.org/wiki/Dawn_(newspaper)	https://www.alexa.com/siteinfo/dawn.com	dawn.com	1			Tue Feb 08 05:41:47 +0000 2011	This is http://t.co/vAYXvvKr's live Twitter feed, your window to latest news, analysis and features from Pakistan, South Asia and the world.	634248	6	322	0	en	1983	Pakistan	Pakistan	PK	General	http://pbs.twimg.com/profile_images/596764851080286208/5dTXIuxr_normal.jpg	140470	None	http://t.co/l01JTbUUpb	channel/UCkMdI0K-74jAjOmh5J5H97Q		
75	104237736	bloomberg	Bloomberg LP	https://www.bloomberg.com/	Bloomberglp			https://en.wikipedia.org/wiki/Bloomberg	https://www.alexa.com/siteinfo/bloomberg.com	bloomberg.com/company	1			Tue Jan 12 18:39:13 +0000 2010	Connecting decision makers to a dynamic network of information, people and ideas.	525463	158	106	1	en	11297	Around the globe	United States of America	US	Economy	http://pbs.twimg.com/profile_images/1002579324476841985/zEArXT32_normal.jpg	24022	None	https://t.co/PWQA5u1akF	user/Bloomberg		bloomberg
76	15250661	newscomauHQ	news.com.au	http://www.news.com.au/	news.com.au	http://www.news.com.au/more-information/rss-feeds	/more-information/rss-feeds	https://en.wikipedia.org/wiki/News.com.au	https://www.alexa.com/siteinfo/news.com.au	news.com.au	1			Fri Jun 27 02:03:07 +0000 2008	Australia's most popular news site. Bringing you the latest breaking news from Australia and around the world.	493839	1199	4292	1	en	3326	Australia	Australia	AU	General	http://pbs.twimg.com/profile_images/629244933057032192/zJsuwh_O_normal.png	194610	None	http://t.co/2imUDH2wDK		newscomauHQ	newscomauHQ
77	24216951	vulture	Vulture	http://www.vulture.com	vulture	http://nymag.com/newyork/rss/	http://nymag.com/newyork/rss/	https://en.wikipedia.org/wiki/New_York_(magazine)	https://www.alexa.com/siteinfo/vulture.com	vulture.com	1			Fri Mar 13 18:04:12 +0000 2009	Devouring culture. An @NYMag site.	446740	19605	3007	1	en	7575	New York, NY	United States of America	US	Entertainment	http://pbs.twimg.com/profile_images/649630037423976449/DMJ-5l6t_normal.jpg	144594	None	http://t.co/q12jPDJ9th			
78	20455625	esquire	Esquire	http://www.esquire.com/	Esquire			https://en.wikipedia.org/wiki/Esquire_(magazine)	https://www.alexa.com/siteinfo/esquire.com	esquire.com	1			Mon Feb 09 18:44:54 +0000 2009	Go to the bar smarter.	424702	2581	3520	1	en	7885	New York, NY	United States of America	US	General	http://pbs.twimg.com/profile_images/862046057303351296/bocaIajL_normal.jpg	115513	None	https://t.co/aV1rVRST52	c/esquire?sub_confirmation=1	esquire/videos	esquire
79	39308549	DailyCaller	The Daily Caller	http://dailycaller.com/	DailyCaller			https://en.wikipedia.org/wiki/The_Daily_Caller	https://www.alexa.com/siteinfo/dailycaller.com	dailycaller.com	1			Mon May 11 18:31:37 +0000 2009	Our news stories are real, and they're spectacular.	355761	2269	5898	1	en	6689	Washington, DC	United States of America	US	General	http://pbs.twimg.com/profile_images/735925682241294336/GvJ6yAr1_normal.jpg	219691	None	https://t.co/3mWCnk49Lp	user/DailyCallerVideo	104273926598894453484/posts	
80	25067168	euronews	euronews	http://www.euronews.com/	euronews			https://en.wikipedia.org/wiki/Euronews	https://www.alexa.com/siteinfo/euronews.com	euronews.com	1			Wed Mar 18 12:57:11 +0000 2009	All Views, All Voices, All Welcome | We tweet in 12 languages. Choose yours: https://t.co/htmK4ClVe2 | You can DM us to contact the newsroom	292626	1165	969	1	en	6802	Europe	France	FR	General	http://pbs.twimg.com/profile_images/965975098317508613/buixv2CG_normal.jpg	104845	None	https://t.co/tLR3OKvD9m	euronews	euronews/	euronews.tv
81	138749160	metrouk	Metro	http://metro.co.uk/	metrouk			https://en.wikipedia.org/wiki/Metro_(British_newspaper)	https://www.alexa.com/siteinfo/metro.co.uk	metro.co.uk	1			Fri Apr 30 13:32:36 +0000 2010	All the latest news from https://t.co/q3vvstTxm0. Follow us on Instagram: https://t.co/gOECMfzhJI	286674	1111	2720	1	en	3727		United Kingdom	GB	General	http://pbs.twimg.com/profile_images/884322278699388928/lyQCp-0B_normal.jpg	236903	None	http://t.co/fyGOVInvbb	channel/UCx3CYfmuuCJDCc1P_bglK9w	115688182758722552489/	metro.co.uk
82	34262462	SputnikInt	Sputnik	http://sputniknews.com/	SputnikNews	http://sputniknews.com/export/rss2/archive/index.xml	/export/rss2/archive/index.xml	https://en.wikipedia.org/wiki/Sputnik_(news_agency)	https://www.alexa.com/siteinfo/sputniknews.com	sputniknews.com	1			Wed Apr 22 12:55:28 +0000 2009	Sputnik is a global wire, radio and digital news service. We exist to tell the stories that aren‚Äôt being told.	223916	0	287	0	en	6230		Russia	RU	General	http://pbs.twimg.com/profile_images/994508305107247104/F7nR9Pfk_normal.jpg	256209	None	https://t.co/CGNEJoSLHS	https://youtube.com/c/SputnikInternational		sputnik_news
83	6134882	dwnews	dwnews	http://www.dw.com/en/top-stories/s-9097	deutschewellenews			https://en.wikipedia.org/wiki/DW-TV	https://www.alexa.com/siteinfo/dw.com	dw.com	1			Fri May 18 11:00:50 +0000 2007	Journalism that‚Äôs #MadeforMinds. Follow us for global news and analysis from the heart of Europe.	199596	1714	910	1	en	4457	Germany	Germany	DE	General	http://pbs.twimg.com/profile_images/900261211509489666/-1Fu5hU8_normal.jpg	248021	None	http://t.co/ML6KVz2uXR	user/deutschewelleenglish		
84	20442930	daily_star	Daily Star	http://www.dailystar.co.uk/	thedailystar			https://en.wikipedia.org/wiki/Daily_Star_(United_Kingdom)	https://www.alexa.com/siteinfo/dailystar.co.uk	dailystar.co.uk	1			Mon Feb 09 15:45:17 +0000 2009	Your Official Daily Star Twitter Page!	180398	759	3659	1	en-gb	1728	London	United States of America	US	Entertainment	http://pbs.twimg.com/profile_images/948922432634740736/W8-ls-Rr_normal.jpg	370094	None	http://t.co/WGcvklEXZF	user/DailyStarOnline	102878321884201520955/posts	dailystar
85	326986654	_drudgereport_	Drudge Report News	http://www.drudgereport.com/	Drudgereportcom			https://en.wikipedia.org/wiki/Drudge_Report	https://www.alexa.com/siteinfo/drudgereport.com		0			Thu Jun 30 20:23:10 +0000 2011		174189	249	0	0	en	216		United States of America	US	General	http://pbs.twimg.com/profile_images/800793893067485184/uhP5lPpp_normal.jpg	65659	None		channel/UCuYj0t1uL7XfkM6qfkmvWwQ		
86	6577642	usnews	U.S. News	http://www.usnews.com/	usnewsandworldreport			https://en.wikipedia.org/wiki/U.S._News_%26_World_Report	https://www.alexa.com/siteinfo/usnews.com	usnews.com	1			Mon Jun 04 19:19:49 +0000 2007	News, Rankings and more from U.S. News & World Report. RTs ‚â† endorsements.	139012	413	717	0	en	4183	Washington, DC	United States of America	US	General	http://pbs.twimg.com/profile_images/898251514929717248/e5z0x8ld_normal.jpg	149829	None	http://t.co/spw4br1xGN	user/usnewsandworldreport		
87	1426645165	bustle	Bustle	https://www.bustle.com/	bustledotcom	https://www.bustle.com/rss	/rss	https://en.wikipedia.org/wiki/Bustle_(magazine)	https://www.alexa.com/siteinfo/bustle.com	Bustle.com	1			Mon May 13 23:52:12 +0000 2013	For & by women who are moving forward as fast as you are üíÅ‚Äç‚ôÄÔ∏è<LF><LF>Subscribe to the Bustle Huddle podcast ‚û°Ô∏è https://t.co/HuFjFQ8pc9	83857	11252	2266	1	en	1338	New York, NY	United States of America	US	Entertainment	http://pbs.twimg.com/profile_images/781346523049234433/PHNE_Aci_normal.jpg	49502	None	http://t.co/Vy51JjxbWM	channel/UCHcIcCNAULM4qWs6-9Iy-Tw	bustledotcom	bustle
88	2509360928	FarsNews_Agency	ÿÆÿ®ÿ±⁄Øÿ≤ÿßÿ±€å ŸÅÿßÿ±ÿ≥	http://en.search.farsnews.com	affarsnewscom-846885805382801			https://en.wikipedia.org/wiki/Fars_News_Agency	https://www.alexa.com/siteinfo/farsnews.com	farsnews.com	1			Tue May 20 05:19:32 +0000 2014	ÿÆÿ®ÿ±Ÿáÿß€å Ÿà€å⁄òŸá Ÿà ŸÅŸàÿ±€å ŸÅÿßÿ±ÿ≥ ÿ±ÿß ÿØÿ±ÿß€åŸÜ ÿµŸÅÿ≠Ÿá ÿØŸÜÿ®ÿßŸÑ ⁄©ŸÜ€åÿØ	56720	0	3	0	en	283	ÿ™Ÿáÿ±ÿßŸÜ-ŸÖ€åÿØÿßŸÜ ŸÅÿ±ÿØŸàÿ≥€å-⁄©Ÿà⁄ÜŸá ÿ¥ÿßŸáÿ±ŸàÿØ	Iran	IR	General	http://pbs.twimg.com/profile_images/970300864257777664/8y7AvX_N_normal.jpg	29901	None	http://t.co/dZhVH9QV2H		RollingStone	
89	18159588	Oneindia	Oneindia.com	https://www.oneindia.com/	oneindianews		https://gujarati.oneindia.com/news/india/mahagathbandhan-is-sentiment-people-not-just-politics-nation-united-against-rss-bjp-rahul-gandhi-039520.html	https://en.wikipedia.org/wiki/Oneindia	https://www.alexa.com/siteinfo/oneindia.com	Oneindia.com	1			Tue Dec 16 09:44:12 +0000 2008	Oneindia is a gamut of online resources. From breaking stories, top news, current affairs to sports update, movies & entertainment.	51310	79	831	1	en	977	India	India	IN	General	http://pbs.twimg.com/profile_images/936514952461824001/o9ruP2j8_normal.jpg	286551	None	http://t.co/8Nh5VXHshX	channel/UCqTa3sNT6SfiQ2DQK_kuWlA	oneindia	
90	27692165	JSTOR	JSTOR	http://www.jstor.org/	JSTOR.org			https://en.wikipedia.org/wiki/JSTOR	https://www.alexa.com/siteinfo/jstor.org	jstor.org	1			Mon Mar 30 17:58:40 +0000 2009	JSTOR is an online library of digital academic journals, books, & primary sources with 10+ million documents & serving 10,000+ libraries. Help: @JSTORSupport	48276	3154	689	1	en	1649	New York, NY	United States of America	US	Science	http://pbs.twimg.com/profile_images/1003737236997922818/aAdim8x__normal.jpg	6186	None	http://t.co/p5xmYj1nlL	user/JSTORSupport		
91	113889961	liveleak	Liveleak	https://www.liveleak.com/	liveleak.official			https://en.wikipedia.org/wiki/LiveLeak	https://www.alexa.com/siteinfo/liveleak.com	liveleak.com	0			Sat Feb 13 10:59:18 +0000 2010		35052	1	4	0	en	577		United States of America	US	General	http://pbs.twimg.com/profile_images/1492840354/liveleak_logo_normal.jpg	31746	None	http://t.co/xtVBq6c1Hp			
92	19452570	sciencedirect	ScienceDirect	http://www.sciencedirect.com/	Elsevier.ScienceDirect			https://en.wikipedia.org/wiki/ScienceDirect	https://www.alexa.com/siteinfo/sciencedirect.com	elsevier.com/sciencedirect	0			Sat Jan 24 16:38:04 +0000 2009	Full-text scientific information solution, with articles & chapters from more than 3,800 journals and more than 35,000 book titles. https://t.co/clN5SUZI0o	32328	446	178	0	en	722	Amsterdam	Netherlands	NL	Science	http://pbs.twimg.com/profile_images/928593427176022016/3lA5Sp-m_normal.jpg	3023	None	https://t.co/I2Sbc3XwuX	user/sciencedirectvideo	1.14E+20	
93	2696503964	JSTOR_Daily	JSTOR Daily	http://daily.jstor.org/	JSTORDaily			https://en.wikipedia.org/wiki/JSTOR	https://www.alexa.com/siteinfo/jstor.org	daily.jstor.org	1			Thu Jul 31 19:58:41 +0000 2014	Thought-provoking stories that draw on scholarly research @JSTOR & offer fresh insight into current affairs. Subscribe: https://t.co/EnckGze9gW	25320	5819	922	0	en	703	New York, NY	United States of America	US	Science	http://pbs.twimg.com/profile_images/1004747140101386240/qwTbzQI7_normal.jpg	12848	None	http://t.co/KkxfoS5i7W	user/JSTORSupport	1.17E+20	
94	29097819	epochtimes	The Epoch Times	http://www.theepochtimes.com/	epochtimes	https://www.theepochtimes.com/rssfeeds	https://www.theepochtimes.com/rssfeeds	https://en.wikipedia.org/wiki/Epoch_Times	https://www.alexa.com/siteinfo/theepochtimes.com	TheEpochTimes.com	1			Sun Apr 05 23:54:55 +0000 2009	An independent, award-winning voice in print & online. Integrity & truthfulness in reporting. Email Sign up: https://t.co/OovwXvDr5L	21512	3747	129	0	en	711	New York, USA	United States of America	US	General	http://pbs.twimg.com/profile_images/954141295093698560/9x68uifu_normal.jpg	112953	None	http://t.co/YQoUlecnox	user/epochtimesdigital	epochtimes	
95	546657547	NHKWORLD_News	NHK WORLD News	https://www3.nhk.or.jp/nhkworld/	nhkworld			https://en.wikipedia.org/wiki/NHK	https://www.alexa.com/siteinfo/nhk.or.jp	www3.nhk.or.jp/nhkworld/en/ne‚Ä¶	1			Fri Apr 06 09:05:36 +0000 2012	NHK WORLD's official news account brings you current events from Japan, Asia and beyond. Terms of use: https://t.co/Th0WdGYROz	16648	0	0	0	ja	636	Tokyo, Japan	Japan	JP	General	http://pbs.twimg.com/profile_images/781790577390039040/5-Umq3Kb_normal.jpg	24235	None	https://t.co/SQLqauweJe	user/NHKWorld		
96	1699037857	Tasnimnews_en	Tasnim News Agency	https://www.tasnimnews.com/en	tasnimnews.english	https://www.tasnimnews.com/en/rss	/en/rss	https://en.wikipedia.org/wiki/Tasnim_News_Agency	https://www.alexa.com/siteinfo/tasnimnews.com	tasnimnews.com/english	1			Sun Aug 25 11:57:22 +0000 2013	Official twitter account of <LF>Tasnim News Agency	14933	1	90	0	en	502	Iran, Tehran	Iran	IR	General	http://pbs.twimg.com/profile_images/781061170212069376/lcisLrMG_normal.jpg	15168	None	http://t.co/pDOBDe6pft	channel/UCDwGzX88y-znRumHc9P8K1w	u/0/115903866256243543779/posts	tasnimnews_agency
97	1	thebalance/		https://www.thebalance.com	thebalancecom				https://www.alexa.com/siteinfo/thebalance.com														United States of America	US	Economy							
98	2	thoughtcocom		https://www.thoughtco.com	thoughtcodotcom			https://en.wikipedia.org/wiki/Dotdash	https://www.alexa.com/siteinfo/thoughtco.com														United States of America	US	General							
99	3	sfgate/		http://www.sfgate.com/	SFGate	http://www.sfgate.com/rss	/rss/	https://en.wikipedia.org/wiki/San_Francisco_Chronicle	https://www.alexa.com/siteinfo/sfgate.com														United States of America	US	General					channel/UCUPLre1l3r9Y17BE55KuUTA	118071641239908367285/posts/	sfgate
100	4	msnbc/		http://www.msnbc.com/	msnbc			https://en.wikipedia.org/wiki/MSNBC	https://www.alexa.com/siteinfo/msnbc.com															US	General					user/msnbcleanforward	msnbc/	msnbc
